{"hmm": 
{"A": {"q1": {"q1": 0.8855080321744565, "q3": 0.11400883724062709, "q2": 0.00048313058491640786}, 
"q3": {"q1": 0.9502609901778785, "q3": 0.033831014039701346, "q2": 0.01590799578242019}, "q2": {"q1": 0.9719190668704077, 
"q3": 0.027832790133992855, "q2": 0.0002481429955994003}}, "pi": {"q1": 0.3333333333333333, 
"q3": 0.3333333333333333, "q2": 0.3333333333333333}, 
"B": {"q1": {"11": 0.053867126747497419, "10": 0.077047194979542002, "13": 0.10325850389045101, "12": 0.0060299162646419201, "15": 0.070158215010751007, "14": 0.091215365530276982, "1": 0.077553317083174783, "0": 0.045332604399164866, "3": 0.019151433473008569, "2": 0.079565285622706372, "5": 0.092024596136483339, "4": 0.064268798445203959, "7": 0.098274489442126495, "6": 0.071618671945677961, "9": 0.049489019002254497, "8": 0.0011454620270388422}, "q3": {"11": 0.11012230798793569, "10": 0.061505111653083845, "13": 0.1068181044446883, "12": 0.008201026421244215, "15": 0.091204246615825338, "14": 0.032256413698180074, "1": 0.012343241263237551, "0": 0.055916436921555727, "3": 0.085626178977682085, "2": 0.088201796276037511, "5": 0.033251602821023761, "4": 0.09563833362215457, "7": 0.035827292159855313, "6": 0.11338414535406975, "9": 0.043105167698315378, "8": 0.026598594085111001}, "q2": {"11": 0.022903571062053995, "10": 0.077286284043115883, "13": 0.10151479306384253, "12": 0.018294982067217063, "15": 0.095151977159952647, "14": 0.041392137982700777, "1": 0.014808684096303926, "0": 0.10249578728310807, "3": 0.080157849446139365, "2": 0.055233424144602555, "5": 0.10812200017652181, "4": 0.11541961957709766, "7": 0.034428548326521306, "6": 0.034112614433622693, "9": 0.081747150692730933, "8": 0.016930576444468923}}}}
